{
    "1920x1080": {
        "scale_factor": 0.35391529873004657,
        "img_offset": [
            4.050350951127257,
            6.472923728589251
        ]
    },
    "800x480": {
        "scale_factor": 0.3105681149965763,
        "img_offset": [
            11.344104735934138,
            -4.230636742484421
        ]
    }
}