{
    "1920x1080": {
        "scale_factor": 0.655879573259221,
        "img_offset": [
            2.492516344325054,
            10.79920976092717
        ]
    },
    "800x480": {
        "scale_factor": 0.3105681149965763,
        "img_offset": [
            11.344104735934138,
            -4.230636742484421
        ]
    }
}